firstname,phone1,email
Julianna,+48 905 184 2603,jnewcomb0@wikipedia.org
Glenine,+86 894 467 4319,gskahill1@businesswire.com
Fernande,+86 588 321 8255,fpariss2@google.co.jp
Maison,+48 421 639 9760,mgarland3@blog.com
Ricky,+233 766 628 6575,rcasperri4@symantec.com
Germain,+62 399 483 7212,gmirfield5@cbsnews.com
Reynold,+7 108 830 1479,rhobson6@unesco.org
Jenica,+86 317 453 2494,jokeshott7@xinhuanet.com
Ramona,+66 318 741 3421,rcompston8@boston.com
Kale,+92 917 452 8049,kdrewe9@netvibes.com
