firstname,lastname,email
Julianna,Newcomb,jnewcomb0@wikipedia.org
Glenine,Skahill,gskahill1@businesswire.com
Fernande,Pariss,fpariss2@google.co.jp
Maison,Garland,mgarland3@blog.com
Ricky,Casperri,rcasperri4@symantec.com
Germain,Mirfield,gmirfield5@cbsnews.com
Reynold,Hobson,rhobson6@unesco.org
Jenica,Okeshott,jokeshott7@xinhuanet.com
Ramona,Compston,rcompston8@boston.com
Kale,Drewe,kdrewe9@netvibes.com
