firstname,lastname,phone1
Julianna,Newcomb,+48 905 184 2603
Glenine,Skahill,+86 894 467 4319
Fernande,Pariss,+86 588 321 8255
Maison,Garland,+48 421 639 9760
Ricky,Casperri,+233 766 628 6575
Germain,Mirfield,+62 399 483 7212
Reynold,Hobson,+7 108 830 1479
Jenica,Okeshott,+86 317 453 2494
Ramona,Compston,+66 318 741 3421
Kale,Drewe,+92 917 452 8049
